{"feature_2_1": 9528.702127659575, "feature_2_2": 9867.720901126408, "feature_2_3": 9746.367959949937, "feature_2_4": 9687.679599499374, "feature_2_5": 9766.359198998749, "feature_2_6": 9717.451814768461, "feature_2_7": 9742.834793491866, "feature_2_8": 9709.312891113892, "feature_2_9": 9682.123904881102, "feature_2_10": 9685.510638297872, "feature_2_11": 9573.041301627034, "feature_2_12": 9694.821026282854, "feature_2_13": 9537.735919899875, "feature_2_14": 9572.724655819775, "feature_2_15": 9727.94618272841, "feature_2_16": 9778.546933667083, "feature_2_17": 9653.763454317897, "feature_2_18": 9611.160200250313, "feature_2_19": 9893.50312891114, "feature_2_20": 9528.623279098874, "feature_2_21": 9688.848560700877, "feature_2_22": 9752.566958698373, "feature_2_23": 9884.22027534418, "feature_2_24": 9757.648310387985, "feature_2_25": 9665.637046307886, "feature_2_26": 9543.39549436796, "feature_2_27": 9814.569461827285, "feature_2_28": 9682.76846057572, "feature_2_29": 9770.0, "feature_2_30": 9720.951188986233, "feature_2_31": 9750.06508135169, "feature_2_32": 9713.558197747185, "feature_2_33": 9659.224030037547, "feature_2_34": 9715.165206508134, "feature_2_35": 9753.178973717146, "feature_2_36": 9874.520650813516, "feature_2_37": 9609.632040050063, "feature_2_38": 9649.713391739675, "feature_2_39": 9663.743429286607, "feature_2_40": 9634.488110137672, "feature_2_41": 9759.103879849812, "feature_2_42": 9801.937421777222, "feature_2_43": 9688.949937421778, "feature_2_44": 9664.797246558197, "feature_2_45": 9658.46057571965, "feature_2_46": 9599.05381727159, "feature_2_47": 9719.24030037547, "feature_2_48": 9796.36420525657, "feature_2_49": 9832.08760951189, "feature_2_50": 9684.061326658322, "feature_2_51": 9628.951188986233, "feature_2_52": 9686.385481852316, "feature_2_53": 9682.86733416771, "feature_2_54": 9727.808510638299, "feature_2_55": 9719.242803504381, "feature_2_56": 9494.62703379224, "feature_2_57": 9818.468085106382, "feature_2_58": 9768.755944931165, "feature_2_59": 9702.520650813516, "feature_2_60": 9792.210262828536, "feature_2_61": 9734.848560700877, "feature_2_62": 9756.846057571966, "feature_2_63": 9690.056320400501, "feature_2_64": 9657.733416770963, "feature_2_65": 9631.355444305382, "feature_2_66": 9678.778473091365, "feature_2_67": 9614.989987484356, "feature_2_68": 9750.643304130163, "feature_2_69": 9771.070087609512, "feature_2_70": 9614.9211514393, "feature_2_71": 9743.817271589487, "feature_2_72": 9633.797246558197, "feature_2_73": 9741.092615769712, "feature_2_74": 9825.469336670838, "feature_2_75": 9780.379224030037, "feature_2_76": 9798.558197747185, "feature_2_77": 9865.9774718398, "feature_2_78": 9768.49436795995, "feature_2_79": 9828.170212765957, "feature_2_80": 9697.160200250313, "feature_2_81": 9608.51689612015, "feature_2_82": 9747.068836045057, "feature_2_83": 9866.828535669587, "feature_2_84": 9759.506883604505, "feature_2_85": 9982.632040050063, "feature_2_86": 9722.387984981227, "feature_2_87": 9646.105131414268, "feature_2_88": 9669.59324155194, "feature_2_89": 9848.07634543179, "feature_2_90": 9956.451814768461, "feature_2_91": 9727.187734668336, "feature_2_92": 9679.29411764706, "feature_2_93": 9735.26282853567, "feature_2_94": 9684.235294117647, "feature_2_95": 9593.13266583229, "feature_2_96": 9706.60450563204, "feature_2_97": 9704.252816020025, "feature_2_98": 9698.602002503128, "feature_2_99": 9756.540675844806, "feature_2_100": 9741.804755944931, "feature_2_101": 9792.838548185231, "feature_2_102": 9770.569461827285, "feature_2_103": 9757.724655819775, "feature_2_104": 9575.59324155194, "feature_2_105": 9669.055068836045, "feature_2_106": 9790.574468085106, "feature_2_107": 9701.153942428034, "feature_2_108": 9655.722152690863, "feature_2_109": 9775.598247809763, "feature_2_110": 9631.0337922403, "feature_2_111": 9714.619524405507, "feature_2_112": 9663.504380475595, "feature_2_113": 9702.115143929912, "feature_2_114": 9761.244055068835, "feature_2_115": 9648.594493116396, "feature_2_116": 9752.670838548185, "feature_2_117": 9644.998748435544, "feature_2_118": 9809.28785982478, "feature_2_119": 9710.767209011265, "feature_2_120": 9712.62703379224, "feature_2_121": 9706.9662077597, "feature_2_122": 9523.525657071339, "feature_2_123": 9696.419274092616, "feature_2_124": 9713.411764705883, "feature_2_125": 9874.131414267835, "feature_2_126": 9805.831038798498, "feature_2_127": 9671.198998748436, "feature_2_128": 9542.23153942428, "feature_2_129": 9720.863579474342, "feature_2_130": 9857.463078848561, "feature_2_131": 9526.23153942428, "feature_2_132": 9765.578222778473, "feature_2_133": 9607.461827284105, "feature_2_134": 9731.69211514393, "feature_2_135": 9731.379224030037, "feature_2_136": 9540.284105131414, "feature_2_137": 9834.073842302878, "feature_2_138": 9577.590738423029, "feature_2_139": 9776.634543178974, "feature_2_140": 9526.665832290362, "feature_2_141": 9715.11013767209, "feature_2_142": 9778.327909887359, "feature_2_143": 9797.69211514393, "feature_2_144": 9460.50563204005, "feature_2_145": 9570.526908635795, "feature_2_146": 9594.266583229037, "feature_2_147": 9713.329161451815, "feature_2_148": 9835.337922403003, "feature_2_149": 9452.847309136421, "feature_2_150": 9979.047559449311, "feature_2_151": 9704.62453066333, "feature_2_152": 9764.906132665832, "feature_2_153": 9659.758448060074, "feature_2_154": 9830.086357947433, "feature_2_155": 9822.784730913641, "feature_2_156": 9731.551939924906, "feature_2_157": 9616.158948685857, "feature_2_158": 9656.806007509387, "feature_2_159": 9788.211514392991, "feature_2_160": 9698.851063829787, "feature_2_161": 9604.381727158949, "feature_2_162": 9883.752190237798, "feature_2_163": 9806.752190237798, "feature_2_164": 9827.605757196496, "feature_2_165": 9647.84480600751, "feature_2_166": 9556.906132665832, "feature_2_167": 9719.793491864832, "feature_2_168": 9762.016270337923, "feature_2_169": 9732.495619524405, "feature_2_170": 9706.71714643304, "feature_2_171": 9466.22903629537, "feature_2_172": 9694.798498122653, "feature_2_173": 9686.057571964957, "feature_2_174": 9684.073842302878, "feature_2_175": 9725.26282853567, "feature_2_176": 9750.574468085106, "feature_2_177": 9620.142678347935, "feature_2_178": 9889.275344180225, "feature_2_179": 9704.907384230288, "feature_2_180": 9623.799749687108, "feature_2_181": 9601.793491864832, "feature_2_182": 9555.302878598248, "feature_2_183": 9789.818523153943, "feature_2_184": 9498.590738423029, "feature_2_185": 9766.245306633291, "feature_2_186": 9751.254067584481, "feature_2_187": 9678.963704630789, "feature_2_188": 9563.327909887359, "feature_2_189": 9645.018773466834, "feature_2_190": 9704.637046307886, "feature_2_191": 9478.68085106383, "feature_2_192": 9856.729662077598, "feature_2_193": 9810.87859824781, "feature_2_194": 9662.193992490613, "feature_2_195": 9698.54568210263, "feature_2_196": 9654.39549436796, "feature_2_197": 9719.754693366709, "feature_2_198": 9779.518147684606, "feature_2_199": 9733.984981226533, "feature_2_200": 9754.060075093867, "feature_2_201": 9784.904881101376, "feature_2_202": 9807.161451814769, "feature_2_203": 9765.961201501877, "feature_2_204": 9959.242803504381, "feature_2_205": 9743.871088861077, "feature_2_206": 9762.675844806008, "feature_2_207": 9625.869837296621, "feature_2_208": 9697.70337922403, "feature_2_209": 9731.826032540675, "feature_2_210": 9760.17521902378, "feature_2_211": 9650.775969962453, "feature_2_212": 9749.953692115145, "feature_2_213": 9601.436795994994, "feature_2_214": 9761.618272841051, "feature_2_215": 9663.564455569462, "feature_2_216": 9581.57321652065, "feature_2_217": 9705.709637046308, "feature_2_218": 9775.847309136421, "feature_2_219": 9683.757196495619, "feature_2_220": 9686.584480600752, "feature_2_221": 9787.26282853567, "feature_2_222": 9779.446808510638, "feature_2_223": 9699.94618272841, "feature_2_224": 9672.183979974969, "feature_2_225": 9778.19774718398, "feature_2_226": 9856.71214017522, "feature_2_227": 9872.735919899875,