{"feature_2_1": 553.3024900510758, "feature_2_2": 560.63865162458, "feature_2_3": 316.1783145492373, "feature_2_4": 412.5531270982393, "feature_2_5": 309.35384171822363, "feature_2_6": 299.70096603312555, "feature_2_7": 419.04470992151784, "feature_2_8": 383.1897711621952, "feature_2_9": 336.5929223933325, "feature_2_10": 413.0013254355209, "feature_2_11": 625.6786407173672, "feature_2_12": 398.8795388016724, "feature_2_13": 481.59843930470277, "feature_2_14": 452.2237056814928, "feature_2_15": 513.3711285672753, "feature_2_16": 274.18872356062343, "feature_2_17": 400.6724114777324, "feature_2_18": 674.6583053222645, "feature_2_19": 174.9043123365083, "feature_2_20": 614.8052624902663, "feature_2_21": 401.1442291448883, "feature_2_22": 279.61836274034505, "feature_2_23": 516.900102368917, "feature_2_24": 333.97526317086556, "feature_2_25": 374.03027959568004, "feature_2_26": 865.9926439804749, "feature_2_27": 212.2304626857683, "feature_2_28": 377.9811895526643, "feature_2_29": 296.1286298444205, "feature_2_30": 330.4760049460108, "feature_2_31": 401.35447462994097, "feature_2_32": 292.06482321078784, "feature_2_33": 401.55199680567586, "feature_2_34": 306.180598893485, "feature_2_35": 362.0687866609513, "feature_2_36": 548.2761723479211, "feature_2_37": 506.3243457829671, "feature_2_38": 440.52386131668163, "feature_2_39": 376.06013290783864, "feature_2_40": 432.11072509620254, "feature_2_41": 254.7906565577679, "feature_2_42": 221.97779493108598, "feature_2_43": 377.46698638609337, "feature_2_44": 371.4605548398549, "feature_2_45": 345.5305943244453, "feature_2_46": 499.8287008393762, "feature_2_47": 320.4740416263079, "feature_2_48": 252.29557350727777, "feature_2_49": 175.8748339792699, "feature_2_50": 476.1157348546493, "feature_2_51": 633.1764583740147, "feature_2_52": 477.10281841321284, "feature_2_53": 434.03210086724584, "feature_2_54": 388.76279194215084, "feature_2_55": 389.17775428617244, "feature_2_56": 568.8868928109681, "feature_2_57": 242.44855004466336, "feature_2_58": 230.50985607114904, "feature_2_59": 386.2433612333277, "feature_2_60": 342.7703343348957, "feature_2_61": 309.02758122812486, "feature_2_62": 302.71064884417405, "feature_2_63": 360.0080799454958, "feature_2_64": 471.04539556599553, "feature_2_65": 444.2656849389872, "feature_2_66": 450.45408973008364, "feature_2_67": 576.4256097788307, "feature_2_68": 355.14743548196986, "feature_2_69": 392.50104492796055, "feature_2_70": 449.35469190665196, "feature_2_71": 448.8229430829702, "feature_2_72": 474.4575548675086, "feature_2_73": 295.95018620509154, "feature_2_74": 246.95260216837107, "feature_2_75": 325.23990778028883, "feature_2_76": 212.26854133114736, "feature_2_77": 580.1533389845765, "feature_2_78": 262.5737650853517, "feature_2_79": 229.70149216447456, "feature_2_80": 519.4738174204965, "feature_2_81": 520.4621013096221, "feature_2_82": 379.97682823101604, "feature_2_83": 578.5665129537952, "feature_2_84": 360.58804609643454, "feature_2_85": 90.06223008530404, "feature_2_86": 355.6987822794838, "feature_2_87": 437.35637122354365, "feature_2_88": 424.2633521579978, "feature_2_89": 162.86743822737458, "feature_2_90": 154.08211484098481, "feature_2_91": 303.4897607613266, "feature_2_92": 379.94071870129886, "feature_2_93": 438.5368169916323, "feature_2_94": 401.8423576564568, "feature_2_95": 567.3076721753812, "feature_2_96": 365.7823233151777, "feature_2_97": 360.1045012124096, "feature_2_98": 347.0159101550629, "feature_2_99": 339.1406551786906, "feature_2_100": 280.5050170476126, "feature_2_101": 249.78181499791765, "feature_2_102": 221.63234671717976, "feature_2_103": 371.45637209674925, "feature_2_104": 534.3896933561626, "feature_2_105": 434.74982230150727, "feature_2_106": 227.9707949657796, "feature_2_107": 363.76507550443, "feature_2_108": 380.3015659974622, "feature_2_109": 225.92457220885242, "feature_2_110": 403.5727319634876, "feature_2_111": 314.41641117842397, "feature_2_112": 362.9268478779323, "feature_2_113": 373.64072011461445, "feature_2_114": 383.5047999576449, "feature_2_115": 421.87947805590625, "feature_2_116": 281.7710201700875, "feature_2_117": 426.76415954026174, "feature_2_118": 200.12288139902685, "feature_2_119": 306.17854943878126, "feature_2_120": 376.60443547858426, "feature_2_121": 347.9153205669804, "feature_2_122": 581.7526724991792, "feature_2_123": 453.171343252015, "feature_2_124": 456.17223411745937, "feature_2_125": 536.099377782727, "feature_2_126": 243.18865009831148, "feature_2_127": 378.5715026988136, "feature_2_128": 563.33354410268, "feature_2_129": 331.8233634390641, "feature_2_130": 192.49303167684502, "feature_2_131": 813.4518439727492, "feature_2_132": 273.08329735555407, "feature_2_133": 415.5903440496827, "feature_2_134": 318.99029742302787, "feature_2_135": 288.2899805771118, "feature_2_136": 588.5139461365054, "feature_2_137": 264.65562492348306, "feature_2_138": 804.8928501452026, "feature_2_139": 242.84497795209126, "feature_2_140": 618.3588025923023, "feature_2_141": 327.7313457273909, "feature_2_142": 255.44136967779724, "feature_2_143": 294.3226118139229, "feature_2_144": 679.0132820858082, "feature_2_145": 599.2763338185624, "feature_2_146": 502.04910470096706, "feature_2_147": 350.293554714269, "feature_2_148": 245.05747564011722, "feature_2_149": 627.651310149571, "feature_2_150": 82.68441220072022, "feature_2_151": 352.48066720158687, "feature_2_152": 277.4409100987606, "feature_2_153": 409.15684496908654, "feature_2_154": 197.65977022028522, "feature_2_155": 289.13189351360626, "feature_2_156": 316.5998430901823, "feature_2_157": 555.4929112536261, "feature_2_158": 383.3434088212187, "feature_2_159": 218.82413388726863, "feature_2_160": 393.500066520482, "feature_2_161": 438.4509708635038, "feature_2_162": 486.89439980192986, "feature_2_163": 212.07855726880285, "feature_2_164": 182.42862034422632, "feature_2_165": 418.7773748295194, "feature_2_166": 448.81798248671566, "feature_2_167": 317.6158619261082, "feature_2_168": 256.3986088146977, "feature_2_169": 368.59020812026563, "feature_2_170": 430.03905819448465, "feature_2_171": 651.8599772441771, "feature_2_172": 341.65147082449175, "feature_2_173": 331.384574218062, "feature_2_174": 384.81675592837485, "feature_2_175": 390.29559327878843, "feature_2_176": 278.4500542840008, "feature_2_177": 458.88445662242617, "feature_2_178": 78.3047627544168, "feature_2_179": 478.3816037747654, "feature_2_180": 559.920189846223, "feature_2_181": 621.2169164639266, "feature_2_182": 510.66096868820733, "feature_2_183": 304.64565612661147, "feature_2_184": 518.6935743041273, "feature_2_185": 261.66208651363985, "feature_2_186": 275.7225127559438, "feature_2_187": 384.9014520025577, "feature_2_188": 816.4894841968404, "feature_2_189": 457.44490981076274, "feature_2_190": 341.75238134455356, "feature_2_191": 629.0136365044467, "feature_2_192": 585.633459067793, "feature_2_193": 427.5190028226511, "feature_2_194": 397.4631158801627, "feature_2_195": 351.4319866009209, "feature_2_196": 462.81118099377926, "feature_2_197": 344.3528781083854, "feature_2_198": 229.735849967902, "feature_2_199": 266.6807338546254, "feature_2_200": 373.46924852587335, "feature_2_201": 263.1383961007223, "feature_2_202": 192.97716362330326, "feature_2_203": 301.7068898201873, "feature_2_204": 232.9472088810327, "feature_2_205": 345.6451809739537, "feature_2_206": 310.86918539931406, "feature_2_207": 337.8198836114543, "feature_2_208": 334.97035499115765, "feature_2_209": 291.06909242405885, "feature_2_210": 341.58073765585004, "feature_2_211": 398.96055875472666, "feature_2_212": 367.0488506386425, "feature_2_213": 481.6312800499502, "feature_2_214": 260.45293729940977, "feature_2_215": 408.11950070452525, "feature_2_216": 449.4149963350902, "feature_2_217": 336.6773044222404, "feature_2_218": 272.56281465834525, "feature_2_219": 341.10696419555416, "feature_2_220": 405.5367155123205, "feature_2_221": 245.53550704645727, "feature_2_222": 286.83889335051555, "feature_2_223": 357.6503323890061,